day,pool_balance_eth,pending_liabilities_eth,solvency_ratio,total_premiums_collected_eth,total_payouts_eth,total_oracle_rewards_eth,profit_eth,madj_current,m_total_current,premiums_today,payouts_today,oracle_rewards_today,net_flow_today,n_claims_submitted,n_claims_approved,n_claims_rejected,n_claims_captcha,claim_approval_rate,avg_payout_eth,avg_fraud_score,avg_fraud_score_approved,avg_fraud_score_rejected,n_rejected_fraud_score_gt_80,n_rejected_pattern_invalid,n_rejected_captcha_failed,patt_current,n_swaps_this_tick,n_swaps_insured,n_attacks_this_tick,avg_loss_eth,n_oracles_active,n_oracles_watchlist,n_oracles_slashed,avg_oracle_divergence,avg_oracle_reward_eth,n_users_bronze,n_users_silver,n_users_gold,n_users_platinum,n_users_blacklisted,n_upgrades_this_tick,avg_claim_rate
0,111.3337143003552,0.0,999.0,13.479103675091098,2.1057973747359777,0.03959200000000002,11.333714300355119,0.0,0.2,13.479103675091098,2.1057973747359777,0.03959200000000002,11.333714300355119,11,9,2,0,0.8181818181818182,0.23397748608177535,56.72727272727273,52.77777777777778,74.5,1,1,0,0.024261920942982323,1147,1147,11,0.2332893135007019,20,2,0,2.8,0.0019796000000000006,498,0,0,0,2,0,0.006024096385542169
1,119.25106441740094,7.433274835293141,16.04287034446751,22.441636174044532,3.1113877566439028,0.07918400000000005,19.251064417400627,0.0,0.2,8.962532498953435,1.005590381907925,0.03959200000000002,7.917350117045509,2,2,0,0,1.0,0.5027951909539626,57.5,57.5,0.0,0,0,0,0.015400316634432256,1207,1207,2,0.5027951909539626,20,2,0,15.4,0.003959200000000001,508,0,0,0,2,0,0.003805774278215223
2,125.74692859147709,3.0240999994290125,41.58160398638261,29.41601595313645,3.5503113616596336,0.11877600000000008,25.746928591476816,0.0,0.2,6.974379779091919,0.4389236050157308,0.03959200000000003,6.495864174076188,1,1,0,0,1.0,0.4389236050157309,48.0,48.0,0.0,0,0,0,0.012268149405668177,1188,1188,1,0.4389236050157309,20,2,0,20.75,0.005938800000000001,518,0,0,0,2,0,0.0033209229637801065
3,126.31370714873172,0.0,999.0,30.022386510391005,3.5503113616596336,0.1583680000000001,26.31370714873137,0.0,0.2,0.6063705572545537,0.0,0.039592000000000016,0.5667785572545536,0,0,0,0,0.0,0.0,0.0,0.0,0.0,0,0,0,0.001,1243,1243,0,0.0,20,2,0,20.75,0.007918400000000003,528,0,0,0,2,0,0.00251712197734925
4,114.81305783115387,82.64813075816224,1.389179123325969,30.628948264758115,15.619346433604614,0.1965440000000001,14.813057831153502,0.05,0.25,0.6065617543671102,12.069035071944981,0.038176000000000015,-11.50064931757787,36,31,5,0,0.8611111111111112,0.3893237119982252,58.138888888888886,55.774193548387096,72.8,3,2,0,0.001,1218,1218,36,0.4117252691061235,20,8,2,2.0,0.009827200000000001,533,0,0,0,7,0,0.007367621954863981
5,130.2291142976625,8.297780008108555,15.694452512648343,47.20667482879008,16.742840531128273,0.23472000000000012,30.229114297661805,0.0,0.2,16.577726564031963,1.1234940975236594,0.038176000000000015,15.416056466508303,2,2,0,0,1.0,0.5617470487618307,50.5,50.5,0.0,0,0,0,0.024219273888226547,1283,1283,2,0.5617470487618307,20,8,2,12.6,0.011736,543,0,0,0,7,0,0.006061508515197172
6,131.4089213111971,0.8126927721279442,161.6956934009856,48.5403959738196,16.85857866262346,0.27289600000000014,31.40892131119614,0.0,0.2,1.3337211450295214,0.11573813149518841,0.038176000000000015,1.179807013534333,1,1,0,0,1.0,0.1157381314951884,54.0,54.0,0.0,0,0,0,0.0021119278917574747,1287,1287,1,0.1157381314951884,20,8,2,2.4,0.013644800000000004,554,0,0,0,7,0,0.005153150455678649
7,148.45471920369383,0.0,999.0,65.6243698663167,16.85857866262346,0.3110720000000001,48.45471920369324,0.0,0.2,17.0839738924971,0.0,0.03817599999999999,17.0457978924971,0,0,0,0,0.0,0.0,0.0,0.0,0.0,0,0,0,0.027121716530867188,1311,1311,0,0.0,20,8,2,2.4,0.0155536,565,0,0,0,7,0,0.0043919489299082785
8,146.05450997755932,44.09305600567319,3.3124152238113718,69.57468790704962,23.17203392949082,0.3481440000000001,46.0545099775588,0.0,0.2,3.950318040732924,6.313455266867358,0.037071999999999994,-2.400209226134434,27,21,6,0,0.7777777777777778,0.30064072699368377,54.44444444444444,53.0,59.5,1,4,1,0.006362302658291618,1316,1316,27,0.4019537941266943,20,12,6,12.2,0.017407200000000005,570,0,0,0,13,0,0.0058316639789194
9,143.81500138929903,66.79534286964676,2.153069289126318,76.46903033685436,32.269108947556,0.3849200000000001,43.81500138929836,0.0,0.2,6.8943424298047375,9.09707501806518,0.036775999999999975,-2.2395085882604424,31,22,9,0,0.7096774193548387,0.4135034099120535,61.774193548387096,56.5,74.66666666666667,4,3,2,0.010504869018305054,1380,1380,32,0.5224753604673141,20,13,7,11.0,0.019246000000000003,572,0,0,0,22,0,0.007660485666791678
10,143.5064993479535,6.535642081602278,21.957521167189046,77.13301346131904,33.204818113366116,0.42169600000000007,43.506499347952925,0.0,0.2,0.6639831244646786,0.9357091658101169,0.036775999999999975,-0.3085020413454383,3,3,0,0,1.0,0.3119030552700381,47.666666666666664,47.666666666666664,0.0,0,0,0,0.001,1369,1369,3,0.3119030552700381,20,13,7,7.5,0.021084800000000004,583,0,0,0,22,0,0.00682174568580284
11,137.21451299996488,48.56452946574217,2.8254060012412383,77.80991295677188,40.1375439568073,0.4578560000000001,37.21451299996458,0.0,0.2,0.6768994954528438,6.932725843441183,0.036160000000000025,-6.291986347988339,22,16,6,0,0.7272727272727273,0.43329536521507445,60.18181818181818,53.0625,79.16666666666667,4,1,1,0.001,1377,1377,22,0.5213739690595046,20,15,8,16.25,0.022892800000000005,589,0,0,0,28,0,0.007838727118026828
12,140.32822699262067,56.42663468283999,2.486914695185537,88.68219317475159,47.860270182131046,0.4936960000000001,40.32822699262054,0.0,0.2,10.872280217979707,7.722726225323747,0.03583999999999998,3.1137139926559603,19,18,1,0,0.9473684210526315,0.42904034585131967,52.73684210526316,52.72222222222222,53.0,0,1,0,0.014424431583379511,1430,1430,19,0.44151990065190444,20,16,10,4.25,0.0246848,600,0,0,0,29,0,0.008486551986136525
13,134.35069333430164,91.10732406916654,1.4746420741356179,96.29549813415282,61.41593279985118,0.5288720000000001,34.350693334301646,0.05,0.25,7.613304959401233,13.555662617720131,0.03517600000000004,-5.977533658318897,39,34,5,0,0.8717948717948718,0.39869595934470964,54.56410256410256,54.38235294117647,55.8,0,4,1,0.01097205312724638,1377,1377,39,0.4725600126124536,20,18,11,1.5,0.026443600000000005,607,0,0,0,34,0,0.009348265298593084
14,144.84040772817488,69.81857890691403,2.074525291058761,116.36353525168887,70.959079523514,0.5640480000000001,44.84040772817487,0.0,0.2,20.06803711753605,9.54314672366283,0.035175999999999985,10.489714393873221,32,26,6,0,0.8125,0.36704410475626204,54.0,53.15384615384615,57.666666666666664,0,4,2,0.02691986944871215,1441,1441,32,0.4514725870276295,20,18,12,2.8,0.0282024,613,0,0,0,40,0,0.010159017240118345
15,141.6514110625481,28.064257357527868,5.047395669800326,117.08651563612513,74.83588057357682,0.5992240000000001,41.65141106254831,0.0,0.2,0.722980384436255,3.8768010500628094,0.035175999999999985,-3.1889966656265543,12,11,1,0,0.9166666666666666,0.35243645909661925,60.5,56.90909090909091,100.0,1,0,0,0.001,1486,1486,12,0.40227374663997906,20,18,12,3.25,0.0299612,625,0,0,0,41,0,0.010059541949913915
16,129.7523162721364,87.11250406310445,1.4894798131177998,117.79431288477275,87.40759661263617,0.6344000000000001,29.752316272136582,0.05,0.25,0.7077972486476227,12.571716039059353,0.035175999999999985,-11.89909479041173,40,38,2,0,0.95,0.33083463260682433,54.55,54.13157894736842,62.5,0,1,1,0.001,1473,1473,40,0.340459631282572,20,18,14,2.2,0.03172,636,0,0,0,43,0,0.011567006973454667
17,141.23586045930324,64.78532652604055,2.1800594059294167,138.51102687154892,96.60628641224507,0.66888,41.23586045930385,0.0,0.2,20.71671398677617,9.1986897996089,0.034479999999999955,11.48354418716727,25,23,2,0,0.92,0.39994303476560394,55.32,54.78260869565217,61.5,0,1,1,0.027137550350624255,1480,1480,25,0.44305291756218323,20,20,16,13.4,0.033443999999999995,647,0,0,0,45,0,0.011160209626054225
18,141.9824200661132,0.0,999.0,139.2920664783589,96.60628641224507,0.70336,41.98242006611382,0.0,0.2,0.7810396068099692,0.0,0.034479999999999955,0.7465596068099692,0,0,0,0,0.0,0.0,0.0,0.0,0.0,0,0,0,0.001,1580,1580,0,0.0,20,20,16,13.4,0.035168,660,0,0,0,45,0,0.010032834927594811
19,147.14203565391458,31.68014984582799,4.644612994887457,148.9497465816238,101.06987092770864,0.7378399999999999,47.142035653915165,0.0,0.2,9.657680103264909,4.463584515463566,0.034479999999999955,5.159615587801342,16,14,2,0,0.875,0.31882746539025336,62.3125,57.357142857142854,97.0,2,0,0,0.012465732219604541,1603,1603,16,0.2910123826067734,20,20,16,12.0,0.036892,672,0,0,0,47,0,0.010205645488334294
20,136.40549886897074,79.68953529340101,1.7117115612075393,149.7540111612611,112.57619229228986,0.7723199999999999,36.40549886897124,0.0,0.2,0.8042645796373051,11.506321364581225,0.034479999999999955,-10.73653678494392,38,33,5,0,0.868421052631579,0.3486764049873091,53.76315789473684,52.18181818181818,64.2,1,3,1,0.001,1590,1590,38,0.3971349320812379,20,20,18,14.6,0.038616000000000004,681,0,0,0,52,0,0.011955352936938463
21,144.2754402372276,3.489400044218596,41.34677549404804,158.14856892353487,113.06632868630673,0.8067999999999999,44.27544023722813,0.0,0.2,8.394557762273763,0.49013639401687215,0.034479999999999955,7.869941368256891,3,3,0,0,1.0,0.1633787980056267,49.333333333333336,49.333333333333336,0.0,0,0,0,0.010449732401572548,1612,1612,3,0.1633787980056267,20,20,18,12.0,0.04034,695,0,0,0,52,0,0.01087424032625036
22,147.40967879465606,46.52058626038912,3.1686977883202423,167.93844102605846,119.68748223140183,0.8412799999999998,47.40967879465663,0.0,0.2,9.789872102523589,6.621153545095098,0.034479999999999955,3.1342385574284912,29,22,7,0,0.7586206896551724,0.30096152477705074,54.96551724137931,52.18181818181818,63.714285714285715,1,4,2,0.012622760630407357,1620,1620,29,0.33273145214973177,20,20,18,5.2,0.042064000000000004,702,0,0,0,59,0,0.011291078084731886
23,144.25879424652473,78.19149220369479,1.8449423355512846,175.6121289628379,130.4775747163126,0.8757599999999998,44.258794246525284,0.0,0.2,7.67368793677943,10.790092484910772,0.034479999999999955,-3.150884548131342,35,31,4,0,0.8857142857142857,0.34806749951324906,57.82857142857143,56.61290322580645,67.25,1,1,2,0.009415030598810109,1678,1678,36,0.3714896112121444,20,20,19,3.0,0.043788,713,0,0,0,63,0,0.0110914033740261
24,149.37169413318054,71.47172239138187,2.089941156241002,191.03107770454002,140.74914357135893,0.9102399999999997,49.371694133181094,0.0,0.2,15.418948741702138,10.271568855046326,0.034479999999999955,5.112899886655812,30,26,4,0,0.8666666666666667,0.3950603405787039,52.766666666666666,52.23076923076923,56.25,0,2,2,0.018260707964374484,1666,1666,30,0.4387807471796256,20,20,21,3.6,0.045512000000000004,724,0,0,0,67,0,0.011187401920225881
25,152.4433871120424,129.59671085751643,1.1762905563216375,211.89387704760244,158.50576993555947,0.9447199999999997,52.44338711204298,0.1,0.30000000000000004,20.86279934306242,17.756626364200542,0.034479999999999955,3.071692978861878,46,41,5,0,0.8913043478260869,0.43308844790733003,56.21739130434783,55.34146341463415,63.4,1,3,1,0.02424178606077016,1742,1742,46,0.5150594122568348,20,20,25,3.0,0.04723600000000001,734,0,0,0,72,0,0.01300107351034308
26,169.23179546395653,28.291338116761487,5.981752957937803,232.70327213415118,162.49227667019406,0.9791999999999996,69.23179546395711,0.0,0.2,20.809395086548733,3.986506734634588,0.034479999999999955,16.788408351914146,10,9,1,0,0.9,0.4429451927371748,52.8,52.77777777777778,53.0,0,1,0,0.022002749611837118,1760,1760,10,0.4715107647228858,20,20,25,16.6,0.04896000000000002,749,0,0,0,73,0,0.011620650863646892
27,170.48660160453855,105.68035553394193,1.6132288800805787,248.82015917873008,177.31987757419094,1.0136799999999997,70.48660160453915,0.0,0.2,16.116887044578903,14.827600903996881,0.034480000000000066,1.2548061405820212,50,45,5,0,0.9,0.32950224231104347,55.04,54.333333333333336,61.4,2,3,0,0.018269914738343225,1797,1797,50,0.3567957745426687,20,20,27,1.8,0.05068400000000001,760,0,0,0,78,0,0.013226213844221523
28,189.69951779912157,52.885473499905544,3.5869872243738232,275.6522507324031,184.90457293328106,1.0481599999999998,89.69951779912205,0.0,0.2,26.832091553673024,7.584695359090119,0.034480000000000066,19.212916194582906,29,25,4,0,0.8620689655172413,0.30338781436360374,57.03448275862069,54.68,71.75,2,2,0,0.029965584217349954,1787,1787,29,0.335447327990872,20,20,27,5.0,0.05240800000000001,772,0,0,0,82,0,0.012672544241657114
29,182.54082491922827,56.03705221995638,3.2575022719382143,276.5468079513243,192.92334303209634,1.0826399999999998,82.54082491922796,0.0,0.2,0.894557218921193,8.018770098815281,0.034480000000000066,-7.1586928798940885,22,19,3,0,0.8636363636363636,0.42204053151659515,57.04545454545455,55.1578947368421,69.0,0,1,2,0.001,1785,1785,22,0.44505320445432306,20,20,28,11.8,0.05413199999999999,464,322,0,0,85,322,0.01224590128147053
30,183.46172708732882,47.238007374170095,3.883773623940927,283.9640101194821,199.3851630321555,1.11712,83.46172708732661,0.0,0.2,7.417202168157814,6.461820000059163,0.034480000000000066,0.9209021680986516,21,19,2,0,0.9047619047619048,0.34009578947679964,45.38095238095238,46.10526315789474,38.5,0,2,0,0.008040684608928083,1863,1863,21,0.34629577855958216,20,20,30,14.4,0.055856,474,327,0,0,87,6,0.011602344738928322
31,203.77111621303482,29.15766631693722,6.98859483465134,308.3663995904255,203.4436833773926,1.1516,103.77111621303288,0.0,0.2,24.402389470943376,4.058520345237099,0.034480000000000066,20.30938912570628,13,13,0,0,1.0,0.31219387271054705,47.61538461538461,47.61538461538461,0.0,0,0,0,0.025869503028537223,1910,1910,13,0.31219387271054705,20,20,30,10.0,0.057580000000000006,484,334,0,0,87,7,0.011827654460251004
32,203.26514357542104,10.670477354748986,19.049301808878884,309.35212214997983,204.90089857455908,1.18608,103.26514357542075,0.0,0.2,0.9857225595543468,1.4572151971664766,0.034480000000000066,-0.5059726376121298,5,5,0,0,1.0,0.2914430394332985,41.0,41.0,0.0,0,0,0,0.001,1998,1998,5,0.2914430394332985,20,20,30,2.0,0.059304,497,339,0,0,87,5,0.010880052206012786
33,203.79706237723764,2.951952593501631,69.03805393957626,310.33791946433377,205.3202970870967,1.22056,103.79706237723707,0.0,0.2,0.9857973143539311,0.4193985125376116,0.034480000000000066,0.5319188018163195,1,1,0,0,1.0,0.41939851253759924,51.0,51.0,0.0,0,0,0,0.001,2009,2009,1,0.41939851253759924,20,20,30,3.2,0.06102800000000001,511,343,0,0,87,4,0.010080684653946556
34,197.22161366885032,154.22040889756929,1.2788295341626397,325.26215800793636,226.7855043390863,1.2550400000000002,97.22161366885008,0.1,0.30000000000000004,14.924238543602598,21.465207251989597,0.034480000000000066,-6.575448708386999,51,39,12,0,0.7647058823529411,0.550389929538193,49.666666666666664,47.41025641025641,57.0,3,8,1,0.015176620144388945,2069,2069,51,0.7181095564570966,20,20,31,22.2,0.062752,514,346,0,0,99,8,0.011124174497546695
35,198.6012053863562,54.86175025171147,3.6200304305851168,334.60981055292075,234.71908516656566,1.2895200000000002,98.60120538635509,0.0,0.2,9.347652544984385,7.933580827479375,0.034480000000000066,1.3795917175050099,26,23,3,0,0.8846153846153846,0.34493829684693134,49.73076923076923,49.0,55.333333333333336,0,2,1,0.008479613380602049,2038,2038,26,0.3510381337517709,20,20,31,1.8,0.064476,524,352,0,0,102,6,0.010831324699307225
36,205.70456590454782,14.769753397549543,13.927420476680156,343.7607650002387,236.73219909569303,1.3240000000000003,105.70456590454565,0.0,0.2,9.150954447317929,2.013113929127371,0.034480000000000066,7.1033605181905575,3,3,0,0,1.0,0.6710379763757871,49.666666666666664,49.666666666666664,0.0,0,0,0,0.00868324385135716,2135,2135,3,0.6785562719191339,20,20,31,1.75,0.06620000000000001,534,361,0,0,102,9,0.010174954045755101
37,183.05410930241953,157.7931712859148,1.160088917731002,344.77115916011456,260.35856985769794,1.3584800000000004,83.05410930241662,0.1,0.30000000000000004,1.0103941598758865,23.62637076200491,0.034480000000000066,-22.650456602129022,69,61,8,0,0.8840579710144928,0.3873175534754904,51.2463768115942,50.26229508196721,58.75,1,4,3,0.001,2044,2044,69,0.3749020669627259,20,20,31,17.4,0.06792400000000001,543,363,0,0,110,3,0.011476380093563611
38,196.13640664668046,21.050059988964605,9.317617467575106,360.6939683215038,263.16460167482524,1.3929600000000004,96.13640664667857,0.0,0.2,15.922809161389239,2.806031817127291,0.034480000000000066,13.082297344261947,10,9,1,0,0.9,0.31178131301413453,53.9,52.55555555555556,66.0,0,0,1,0.013567809909950821,2184,2184,10,0.2835355837739821,20,20,31,9.2,0.069648,553,372,0,0,111,9,0.011152438284919996
39,201.86840404779096,138.75611913892317,1.4548432552057724,386.1474734153389,282.85162936755023,1.4274400000000005,101.86840404778864,0.05,0.25,25.453505093835076,19.687027692724996,0.034480000000000066,5.73199740111008,51,43,8,0,0.8431372549019608,0.4578378533191899,46.529411764705884,43.81395348837209,61.125,2,4,2,0.023179538537725947,2202,2202,51,0.4776684226600996,20,20,32,2.8,0.07137200000000002,558,379,0,0,119,9,0.012118673507757862
40,228.24063100766438,35.91604167694644,6.35483812666823,417.6250603601766,287.9225093525148,1.4619200000000006,128.2406310076618,0.0,0.2,31.477586944837697,5.070879984964563,0.034480000000000066,26.372226959873135,16,14,2,0,0.875,0.3622057132117544,46.0625,42.142857142857146,73.5,1,0,1,0.02763199262296307,2227,2227,16,0.34848918022394165,20,20,32,6.4,0.07309600000000002,571,385,0,0,121,6,0.011210502734903548
41,235.86476299154475,109.00287036399172,2.1638399264526242,440.58714963018264,303.22598663864056,1.4964000000000006,135.86476299154208,0.0,0.2,22.96208927000606,15.30347728612577,0.034480000000000066,7.624131983880291,42,36,6,0,0.8571428571428571,0.42509659128127003,48.11904761904762,46.416666666666664,58.333333333333336,1,4,1,0.02110573968502582,2267,2267,42,0.4257421822573353,20,20,33,4.5,0.07482000000000001,578,393,0,0,127,9,0.011425719967314793
42,254.20458679535136,3.616355519205912,70.29302994280005,459.470207166426,303.73474037107644,1.5308800000000007,154.20458679534957,0.0,0.2,18.88305753624337,0.5087537324358777,0.034480000000000066,18.339823803807494,2,2,0,0,1.0,0.25437686621792177,50.0,50.0,0.0,0,0,0,0.01624198956715847,2298,2298,2,0.25437686621792177,20,20,33,1.6,0.07654400000000001,592,400,0,0,127,7,0.010822651800664424
43,247.6241116664666,55.064833078679335,4.496955639775556,460.6100105321249,311.4205388656589,1.5653600000000008,147.62411166646598,0.0,0.2,1.1398033656988673,7.685798494582457,0.034480000000000066,-6.58047512888359,29,21,8,0,0.7241379310344828,0.3659904045039252,48.44827586206897,46.95238095238095,52.375,0,6,2,0.001,2362,2362,29,0.3565413116445189,20,20,34,2.8,0.07826799999999999,597,409,0,0,135,10,0.010911324016973626
44,256.3345555105392,24.446860832830374,10.48537713137796,472.8281458940976,314.8937503835578,1.5998400000000008,156.3345555105398,0.0,0.2,12.218135361972713,3.4732115178989034,0.034480000000000066,8.71044384407381,11,11,0,0,1.0,0.31574650162717677,48.81818181818182,48.81818181818182,0.0,0,0,0,0.01025539286475752,2365,2365,11,0.31574650162717677,20,20,34,1.4,0.07999200000000001,609,419,0,0,135,10,0.011066298026991902
45,265.2732229996858,5.049382684154335,52.5357731019576,482.5027613136968,315.5952183140104,1.6343200000000009,165.27322299968637,0.0,0.2,9.674615419599206,0.7014679304526226,0.034480000000000066,8.938667489146583,2,2,0,0,1.0,0.3507339652262983,38.5,38.5,0.0,0,0,0,0.008098136255012304,2432,2432,2,0.3507339652262983,20,20,34,1.8,0.081716,624,427,0,0,135,8,0.01013712923609237
46,259.30033948816344,126.4758577073427,2.0501963314466574,494.0569241092864,333.0877846211224,1.668800000000001,159.30033948816398,0.0,0.2,11.554162795589605,17.492566307111986,0.034480000000000066,-5.972883511522381,60,51,9,0,0.85,0.3429914962178823,47.733333333333334,45.3921568627451,61.0,3,5,1,0.009796146226575925,2516,2516,60,0.3570247926021631,20,20,37,4.5,0.08344,631,434,0,0,144,9,0.010520802972841605
47,280.6943251882827,2.6910683232563373,104.30590808955287,515.8722924895814,333.47468730129754,1.703280000000001,180.6943251882838,0.0,0.2,21.815368380294956,0.3869026801751261,0.034480000000000066,21.39398570011983,1,1,0,0,1.0,0.38690268017513274,49.0,49.0,0.0,0,0,0,0.017624592217374474,2496,2496,1,0.38690268017513274,20,20,37,17.8,0.085164,648,441,0,0,144,7,0.009794893904310148
48,277.8366799689855,37.92553199821714,7.325847926986139,518.2543471024366,338.67990713345137,1.737760000000001,177.83667996898518,0.0,0.2,2.3820546128551996,5.20521983215383,0.034480000000000066,-2.8576452192986306,13,13,0,0,1.0,0.4004015255502965,44.07692307692308,44.07692307692308,0.0,0,0,0,0.0018484615460234773,2598,2598,13,0.4004015255502965,20,20,38,16.2,0.086888,660,453,0,0,144,12,0.009701186383149773
49,269.1737376299547,70.84737232178591,3.799346804386455,519.5670931507678,348.6211155208131,1.7722400000000011,169.17373762995476,0.0,0.2,1.3127460483312916,9.941208387361712,0.034480000000000066,-8.66294233903042,26,25,1,0,0.9615384615384616,0.39764833549446343,45.19230769230769,44.92,52.0,0,1,0,0.001,2645,2645,26,0.4539398637622621,20,20,40,3.4,0.088612,675,462,0,0,145,9,0.009757433660914543
50,288.30405792022617,0.8612548088640016,334.74885127259876,538.8530968977814,348.74231897755396,1.8067200000000012,188.3040579202274,0.0,0.2,19.286003747013524,0.1212034567408864,0.034480000000000066,19.13032029027264,2,2,0,0,1.0,0.06060172837045183,46.0,46.0,0.0,0,0,0,0.014746312302033658,2685,2685,2,0.06060172837045183,20,20,40,0.75,0.090336,694,468,0,0,145,6,0.009087975127697458
51,297.16653944465224,8.83444407705052,33.637265327946324,548.9796086164263,349.97186917177333,1.8412000000000013,197.16653944465293,0.0,0.2,10.126511718644906,1.229550194219371,0.034480000000000066,8.862481524425535,2,2,0,0,1.0,0.6147750971096996,41.0,41.0,0.0,0,0,0,0.007327853777442767,2756,2756,2,1.6345366782223414,20,20,40,3.8,0.09206,708,480,0,0,145,12,0.008551607190542428
52,296.02222139269634,82.67168316184969,3.5806966795772346,559.2148464392952,361.31694504659555,1.8756800000000013,196.0222213926997,0.0,0.2,10.235237822868953,11.345075874822214,0.034480000000000066,-1.1443180519532612,40,35,5,0,0.875,0.3241450249949249,45.65,45.48571428571429,46.8,0,4,1,0.007229562974179862,2871,2871,40,0.32464064606860316,20,20,41,12.4,0.093784,723,486,0,0,150,7,0.01021926730805855
53,285.6411591003598,82.5944477447121,3.458357878767308,560.6428465360032,373.09152743564294,1.9101600000000014,185.64115910036023,0.0,0.2,1.4280000967079332,11.774582389047396,0.034480000000000066,-10.381062292339463,39,36,3,0,0.9230769230769231,0.32707173302909465,44.94871794871795,45.47222222222222,38.666666666666664,0,2,1,0.001,2877,2877,40,0.33670731064259635,20,20,42,15.8,0.09550800000000001,740,493,0,0,153,9,0.00941712120771628
54,287.8504834774096,15.677141688166865,18.361158507273025,565.0774729785512,375.28234950114046,1.9446400000000015,187.85048347741076,0.0,0.2,4.434626442548051,2.190822065497514,0.034480000000000066,2.209324377050537,3,3,0,0,1.0,0.7302740218324947,44.0,44.0,0.0,0,0,0,0.0030549630826608703,2939,2939,3,0.7302740218324947,20,20,43,2.0,0.09723200000000001,758,502,0,0,153,9,0.008741347913921357
55,291.8240576349283,2.0265774931852603,143.99846964463012,569.3719199452479,375.56874231031827,1.9791200000000015,191.82405763492963,0.0,0.2,4.2944469666966825,0.28639280917781207,0.034480000000000066,3.97357415751887,1,1,0,0,1.0,0.28639280917783716,59.0,59.0,0.0,0,0,0,0.0029330365475970233,2971,2971,1,0.28639280917783716,20,20,43,9.2,0.09895600000000002,774,514,0,0,153,12,0.008188432392010217
56,273.3682669145878,140.3265125252339,1.9480870862904824,570.8299754614354,395.44810854684647,2.0136000000000016,173.36826691458896,0.0,0.2,1.4580555161875282,19.8793662365282,0.034480000000000066,-18.45579072034067,52,47,5,0,0.9038461538461539,0.4229652390750685,46.90384615384615,45.255319148936174,62.4,1,3,1,0.001,3004,3004,52,0.4551831229093682,20,20,45,3.4,0.10067999999999999,788,523,0,0,158,10,0.0086068288486891
57,272.9713485314593,126.40352366537803,2.1595232523270727,587.8576714816426,412.83824295018366,2.0480800000000015,172.97134853145891,0.0,0.2,17.027696020207145,17.390134403337186,0.034479999999999844,-0.39691838313004046,50,49,1,0,0.98,0.354900702108921,46.62,46.57142857142857,49.0,0,1,0,0.01129956875020898,3113,3113,50,0.3990331359789582,20,20,47,1.2,0.10240400000000001,807,532,0,0,159,10,0.008971382010688204
58,253.58848681949866,150.2758383633379,1.6874867548991526,589.4587490432256,433.78770222372475,2.0825600000000013,153.58848681950082,0.0,0.2,1.601077561582997,20.949459273541095,0.034479999999999844,-19.382861711958096,72,62,10,0,0.8611111111111112,0.3378945044119539,48.94444444444444,48.17741935483871,53.7,1,6,3,0.001,3197,3197,73,0.37900404776341223,20,20,52,13.2,0.104128,820,538,0,0,169,13,0.009612974091068146
59,237.92742929208114,119.16480356269848,1.99662502835324,591.0775023868408,451.03303309475297,2.117040000000001,137.92742929208785,0.0,0.2,1.6187533436152535,17.245330871028216,0.034479999999999844,-15.661057527412963,52,43,9,0,0.8269230769230769,0.40105420630298405,46.21153846153846,44.651162790697676,53.666666666666664,2,5,2,0.001,3154,3154,52,0.4338877199346617,20,20,52,3.8,0.10585200000000002,830,401,148,0,178,164,0.009693409515940818
60,233.40260183628268,100.03208350549276,2.333277421173243,600.153238395456,464.5991165591698,2.151520000000001,133.40260183628624,0.0,0.2,9.075736008615195,13.566083464416806,0.034479999999999844,-4.524827455801612,39,37,2,0,0.9487179487179487,0.36665090444369014,48.87179487179487,46.67567567567568,89.5,2,0,0,0.005669531820125853,3316,3316,39,0.453980471623955,20,20,52,3.2,0.107576,841,416,151,0,180,21,0.009931702568016586
61,213.87151135408146,151.94170077178921,1.4075892942340333,601.8511045830843,485.79359322899865,2.186000000000001,113.87151135408564,0.05,0.25,1.6978661876282786,21.194476669828873,0.034479999999999844,-19.531090482200593,47,41,6,0,0.8723404255319149,0.5169384553616777,45.234042553191486,42.073170731707314,66.83333333333333,2,3,1,0.001,3399,3399,47,0.5334474878482516,20,20,55,23.2,0.1093,853,425,155,0,186,17,0.009931189101873919
62,199.30305943883164,116.73195142118207,1.7073565293166708,603.6373968475054,502.1138574086683,2.2204800000000007,99.30305943883714,0.0,0.2,1.7862922644211494,16.320264179669664,0.034479999999999844,-14.568451915248515,55,49,6,0,0.8909090909090909,0.3330666159116213,47.14545454545455,47.16326530612245,47.0,1,5,0,0.001,3474,3474,55,0.3571059880922402,20,20,57,5.5,0.11102400000000001,870,431,158,0,192,16,0.010273315278769872
63,223.9884927098655,9.500498286507888,23.576499458766524,629.6644104816663,503.42095777179577,2.2549600000000005,123.98849270987056,0.0,0.2,26.02701363416088,1.3071003631274607,0.034479999999999844,24.68543327103342,3,2,1,0,0.6666666666666666,0.6535501815637317,30.666666666666668,19.5,53.0,0,1,0,0.01464496889426639,3604,3604,3,0.6101800638686831,20,20,57,6.25,0.112748,891,440,160,0,193,13,0.009451449278550829
64,222.45721727531784,22.767052682931833,9.771015175894558,631.4318320500254,506.6851747746982,2.2894400000000004,122.45721727532715,0.0,0.2,1.7674215683590546,3.2642170029024555,0.034479999999999844,-1.5312754345434008,7,7,0,0,1.0,0.46631671470036257,45.0,45.0,0.0,0,0,0,0.001,3589,3589,7,0.5055148159222653,20,20,58,2.8,0.11447200000000002,911,447,166,0,193,19,0.008902208133880533
65,211.30138348914625,128.44763775754464,1.645039077230792,637.9664940398729,524.341190550716,2.32392,111.30138348915698,0.0,0.2,6.534661989847564,17.65601577601774,0.034479999999999844,-11.155833786170176,47,41,6,0,0.8723404255319149,0.43063453112238814,50.06382978723404,48.75609756097561,59.0,2,4,0,0.0035393631179415005,3735,3735,47,0.46634777088924717,20,20,60,7.25,0.116196,928,453,171,0,199,18,0.009681057032670115
66,225.70810070616818,125.31932346694705,1.8010638300780377,669.9852897426509,541.9187890364719,2.3584,125.708100706179,0.0,0.2,32.01879570277799,17.57759848575597,0.034479999999999844,14.406717217022022,51,49,2,0,0.9607843137254902,0.3587264997093085,45.19607843137255,45.30612244897959,42.5,0,2,0,0.017446581847334018,3803,3803,51,0.36312546411259733,20,20,62,11.0,0.11792000000000002,949,461,175,0,201,17,0.010072216664824534
67,225.01481675439655,17.70328054016405,12.710345760148666,671.8528658206341,544.4451690662261,2.39288,125.01481675440799,0.0,0.2,1.8675760779831307,2.5263800297541366,0.034479999999999844,-0.6932839517710057,12,12,0,0,1.0,0.2105316691461729,43.416666666666664,43.416666666666664,0.0,0,0,0,0.001,3803,3803,12,0.2105316691461729,20,20,63,3.4,0.119644,969,475,176,0,201,16,0.009371259214176227
68,209.86764905256842,122.94176792733765,1.707049220055194,673.7747372118826,561.4797281593022,2.4273599999999997,109.86764905258033,0.0,0.2,1.9218713912484873,17.034559093076155,0.034479999999999844,-15.147167701827668,65,56,9,0,0.8615384615384616,0.3041885552335053,43.646153846153844,43.125,46.888888888888886,0,7,2,0.001,3930,3930,65,0.3229277523655492,20,20,64,2.2,0.12136799999999999,986,480,181,0,210,19,0.009642726360556096
69,209.83037988278986,14.311156499049622,14.66201420526177,675.7805403975009,563.488320514701,2.4618399999999996,109.83037988279995,0.0,0.2,2.0058031856183334,2.0085923553987186,0.034479999999999844,-0.03726916978038508,4,4,0,0,1.0,0.5021480888496758,39.0,39.0,0.0,0,0,0,0.001,3991,3991,4,0.5021480888496758,20,20,64,7.0,0.12309199999999998,1006,493,185,0,210,21,0.008853190754185824
70,245.1131630155136,68.45213524718739,3.5807964518621063,720.5315709866777,572.9220879711575,2.4963199999999994,145.11316301552026,0.0,0.2,44.75103058917682,9.433767456456508,0.034479999999999844,35.28278313272031,31,29,2,0,0.9354838709677419,0.3253023260847081,46.483870967741936,44.6551724137931,73.0,1,1,0,0.02197358611760008,4140,4140,31,0.33759519986376224,20,20,65,2.4,0.12481600000000001,1026,506,187,0,212,17,0.00848728992508584
71,244.2927893165448,20.41459695391668,11.966574205114325,722.6251586241688,575.8015693076169,2.5307999999999993,144.29278931655188,0.0,0.2,2.093587637491055,2.8794813364594347,0.034479999999999844,-0.8203736989683796,11,10,1,0,0.9090909090909091,0.2879481336459369,40.81818181818182,42.0,29.0,0,1,0,0.001,4192,4192,11,0.28516151771362813,20,20,66,5.75,0.12653999999999999,1049,516,191,0,213,19,0.008127151466776367
72,244.89395889892623,10.337090105110569,23.69080238333733,724.7197770326508,577.2605381337163,2.565279999999999,144.89395889893447,0.0,0.2,2.094618408482006,1.458968826099408,0.034479999999999844,0.6011695823825982,2,2,0,0,1.0,0.7294844130497067,29.5,29.5,0.0,0,0,0,0.001,4241,4241,2,0.7294844130497067,20,20,66,5.2,0.128264,1073,526,196,0,213,20,0.007670275963389548
73,277.1800366045005,102.36693754823597,2.7077105483779027,771.2097979107231,591.4300013062112,2.599759999999999,177.18003660451183,0.0,0.2,46.4900208780723,14.169463172494943,0.034479999999999844,32.286077705577355,41,37,4,0,0.9024390243902439,0.38295846412148155,41.68292682926829,39.24324324324324,64.25,1,2,1,0.021927209369338736,4378,4378,41,0.3808384750357501,20,20,69,13.6,0.129988,1092,538,201,0,217,22,0.007790031388568646
74,285.6658168723799,75.64725263798331,3.776288059520934,790.357141171076,602.0570842986833,2.634239999999999,185.6658168723927,0.0,0.2,19.147343260352955,10.627082992472083,0.034479999999999844,8.485780267880871,35,31,4,0,0.8857142857142857,0.3428091287894224,44.97142857142857,44.03225806451613,52.25,0,3,1,0.008534967100941074,4451,4451,35,0.3496534354600205,20,20,72,4.4,0.131712,1111,549,207,0,221,25,0.007855404949888277
75,334.6173704776258,5.2982335786394295,63.15640213120889,840.0893363855181,602.8032459078756,2.6687199999999986,234.61737047764245,0.0,0.2,49.73219521444207,0.7461616091923133,0.034479999999999844,48.95155360524976,2,1,1,0,0.5,0.7461616091923462,69.0,42.0,96.0,1,0,0,0.022266101666888485,4517,4517,2,0.44296312914593106,20,20,72,19.8,0.133436,1136,559,212,0,222,20,0.007330048045651796
76,349.60960510037245,103.76277219480501,3.3693163521500056,869.6086859293687,617.2958808289776,2.7031999999999985,249.60960510039106,0.0,0.2,29.51934954385058,14.492634921101967,0.034479999999999844,14.992234622748613,50,46,4,0,0.92,0.3150572808935226,42.9,41.19565217391305,62.5,1,3,0,0.012952419375458405,4620,4620,50,0.3232061179606475,20,20,72,1.8,0.13516,1159,570,216,0,226,20,0.0075014609730815526
77,306.86161881798535,345.09490125015265,0.8892093673547129,875.6768458740848,666.0775470560794,2.7376799999999983,206.8616188180054,0.1,0.30000000000000004,6.068159944716172,48.78166622710182,0.034479999999999844,-42.747986282385654,138,115,23,0,0.8333333333333334,0.4241884019748026,46.68115942028985,44.62608695652174,56.95652173913044,5,17,1,0.002636993155522651,4677,4677,138,0.4420476929288874,20,20,80,23.6,0.13688399999999998,1167,579,219,0,249,22,0.008743866169211712
78,340.3747931008413,184.35657075420838,1.846285118606609,934.8634570587208,691.7165039578582,2.772159999999998,240.37479310086258,0.0,0.2,59.18661118463592,25.638956901778784,0.034479999999999844,33.513174282857136,74,66,8,0,0.8918918918918919,0.38846904396634424,46.391891891891895,44.92424242424242,58.5,0,5,3,0.023426611319935786,4799,4799,74,0.3849493793090484,20,20,84,13.6,0.138608,1187,589,225,0,257,26,0.008857119018723516
79,348.1131356752712,8.745571543656283,39.804503792297,943.8830463150897,692.9632706397987,2.806639999999998,248.11313567529103,0.0,0.2,9.019589256368931,1.2467666819404712,0.034479999999999844,7.73834257442846,6,6,0,0,1.0,0.2077944469900491,34.0,34.0,0.0,0,0,0,0.003784234460494749,4804,4804,6,0.2077944469900491,20,20,85,2.4,0.14033199999999998,1215,602,229,0,257,21,0.008175252994675452
80,351.7377019939354,86.17615856530423,4.081612685571135,959.5553907315399,704.9765687375824,2.841119999999998,251.7377019939575,0.0,0.2,15.672344416450187,12.013298097783718,0.034479999999999844,3.6245663186664694,35,32,3,0,0.9142857142857143,0.3754155655557383,41.371428571428574,40.78125,47.666666666666664,0,2,1,0.006552445984934823,4927,4927,35,0.37442814843715405,20,20,86,4.0,0.142056,1243,613,233,0,260,21,0.00787017747765783
81,342.4476039559989,83.7918045421701,4.086886609342021,962.0247187956207,716.7015148395978,2.8755999999999977,242.4476039560229,0.0,0.2,2.4693280640808553,11.724946102015451,0.034479999999999844,-9.290098037934596,40,33,7,0,0.825,0.35530139703076763,47.475,46.06060606060606,54.142857142857146,1,4,2,0.001,5032,5032,40,0.37103521674554113,20,20,88,17.2,0.14377999999999996,1267,621,240,0,267,24,0.008241159358855965
82,292.99473000099266,375.4865618890421,0.780306833157917,964.6023424753946,768.6975324743772,2.9100799999999976,192.9947300010174,0.1,0.30000000000000004,2.5776236797738648,51.99601763477938,0.034479999999999844,-49.452873955005515,145,131,14,0,0.903448275862069,0.39691616515098954,44.786206896551725,44.05343511450382,51.642857142857146,2,9,3,0.001,5194,5194,145,0.4093174894307203,20,20,93,1.4,0.145504,1285,630,246,0,281,27,0.009870166911384357
83,315.0760483603325,9.332698227724016,33.76044533662916,988.0506124811371,770.0300041207797,2.9445599999999974,215.07604836035742,0.0,0.2,23.44827000574253,1.332471646402496,0.034479999999999844,22.081318359340035,4,2,2,0,0.5,0.6662358232011927,60.25,47.5,73.0,0,0,2,0.00862192781279974,5189,5189,4,0.40444131947317685,20,20,93,14.2,0.147228,1310,647,250,0,283,25,0.008764707244788261
84,393.5073421074195,4.32461000721842,90.9925615143555,1067.1150328133651,770.6286507059083,2.9790399999999972,293.50734210745685,0.0,0.2,79.064420332228,0.598646585128563,0.034479999999999844,78.43129374709943,5,4,1,0,0.8,0.14966164628214665,36.6,38.25,30.0,0,1,0,0.02965648471461032,5354,5354,5,0.13560627310647963,20,20,94,9.4,0.148952,1339,662,254,0,284,24,0.008069868577432596
85,341.9193177183959,384.31684968723584,0.8896807881222386,1069.7853378254988,824.8525001070586,3.013519999999997,241.91931771844017,0.1,0.30000000000000004,2.6703050121336673,54.223849401150346,0.034479999999999844,-51.58802438901668,139,126,13,0,0.9064748201438849,0.43034801112024273,44.42446043165467,43.56349206349206,52.76923076923077,1,8,4,0.001,5433,5433,140,0.41911731847493866,20,20,99,1.6,0.15067599999999998,1360,674,258,0,297,24,0.010168144599612773
86,297.87297877652924,368.73831597976994,0.8078167249450459,1078.0071513319956,877.0861725554196,3.047999999999997,197.87297877657602,0.1,0.30000000000000004,8.221813506496801,52.23367244836095,0.034479999999999844,-44.04633894186415,141,124,17,0,0.8794326241134752,0.4212392939383963,46.304964539007095,44.41129032258065,60.11764705882353,3,9,5,0.002789496729730447,5482,5482,141,0.42894006247358646,20,20,106,4.8,0.1524,1373,691,262,0,314,28,0.010528356457217327
87,330.0084459246189,7.1318822023047375,46.27227940163866,1111.1770984800849,878.0861725554196,3.082479999999997,230.00844592466527,0.0,0.2,33.16994714808925,1.0,0.034479999999999844,32.13546714808925,2,1,1,0,0.5,1.0,59.5,51.0,68.0,0,0,1,0.01097904712779719,5571,5571,2,0.872142642681709,20,20,106,3.75,0.15412399999999998,1402,708,267,0,315,27,0.009447620478290387
88,335.5996563307315,424.1289019901639,0.7912680667504108,1175.536764921326,936.8201485905541,3.1169599999999966,235.5996563307719,0.1,0.30000000000000004,64.35966644124119,58.73397603513456,0.034479999999999844,5.591210406106628,173,151,22,0,0.8728323699421965,0.38896672870950555,46.10982658959538,44.11258278145695,59.81818181818182,4,14,4,0.02215713482314579,5758,5758,174,0.4176925674963581,20,20,113,9.5,0.155848,1416,720,272,0,337,25,0.010753488268069008
89,335.68566462850305,262.61198489386004,1.278257215732851,1212.5883691348029,973.7512645062667,3.1514399999999965,235.68566462853616,0.1,0.30000000000000004,37.05160421347682,36.93111591571255,0.034479999999999844,0.08600829776426844,110,97,13,0,0.8818181818181818,0.38073315377023764,44.10909090909091,42.381443298969074,57.0,0,6,7,0.011925260654873928,5847,5847,110,0.38313496869760943,20,20,116,14.25,0.157572,1444,724,281,0,350,26,0.010954967203103703
90,408.6162795164744,3.081152024972763,132.61801956042285,1285.9865064337307,974.1843069172312,3.1859199999999963,308.6162795164995,0.0,0.2,73.39813729892785,0.4330424109645037,0.034479999999999844,72.93061488796334,3,2,1,0,0.6666666666666666,0.2165212054822424,47.0,38.0,65.0,0,0,1,0.02274013143867852,5933,5933,3,0.40022029840296564,20,20,116,12.4,0.159296,1478,737,288,0,351,27,0.00982966198898857
91,358.8347889945892,433.49781972357204,0.8277660755558284,1296.423708102793,1034.3678231081744,3.221095999999996,258.8347889946185,0.1,0.30000000000000004,10.437201669062233,60.18351619094324,0.035175999999999874,-49.781490521881004,166,145,21,0,0.8734939759036144,0.4150587323513315,43.4277108433735,43.02068965517241,46.23809523809524,1,17,3,0.0034015087521170034,6119,6119,167,0.44582263787614584,20,18,121,2.0,0.16105479999999997,1507,736,296,0,372,26,0.011194056910550169
92,346.6293070390763,270.82954590802325,1.279879955035613,1322.5598832421463,1072.6750002030376,3.255575999999996,246.62930703910868,0.1,0.30000000000000004,26.136175139353327,38.307177094863164,0.034479999999999844,-12.205481955509837,124,115,9,0,0.9274193548387096,0.3331058877814184,43.983870967741936,43.0,56.55555555555556,1,6,2,0.007916469990787075,6171,6171,124,0.3440763199945327,20,20,128,3.6666666666666665,0.1627788,1531,754,303,0,381,33,0.011433807668026609
93,366.4200645368514,441.3898335763303,0.8301506665161686,1404.573442507391,1134.8633219705098,3.290055999999996,266.4200645368813,0.1,0.30000000000000004,82.0135592652448,62.18832176747219,0.034479999999999844,19.790757497772606,164,152,12,0,0.926829268292683,0.4091336958386329,42.23170731707317,41.57236842105263,50.583333333333336,1,8,3,0.024576916407769135,6261,6261,165,0.42180020898592924,20,20,134,3.2,0.16450279999999998,1554,770,311,0,393,38,0.012291141203281751
94,365.0978525799695,33.9205344933415,10.763328409569642,1408.003960526087,1139.581571946089,3.3245359999999957,265.0978525799979,0.0,0.2,3.4305180186959205,4.718249975579283,0.034479999999999844,-1.3222119568833626,18,16,2,0,0.8888888888888888,0.2948906234737178,40.77777777777778,42.5625,26.5,0,2,0,0.001,6423,6423,18,0.3076774042214433,20,20,136,13.2,0.16622679999999998,1590,785,318,0,395,31,0.01104426049534611
95,371.64917159823534,524.388252093006,0.7087290192235642,1488.2987494726744,1213.2888738744016,3.3607039999999957,271.64917159827286,0.1,0.30000000000000004,80.29478894658746,73.70730192831252,0.03616799999999998,6.551319018274942,197,176,21,0,0.8934010152284264,0.4187914882290508,43.91878172588832,42.53977272727273,55.476190476190474,1,14,6,0.024620136026308984,6543,6543,197,0.4624399298891674,20,14,145,21.6,0.1680352,1605,802,326,0,416,38,0.012969406460806486
96,418.2480340282963,47.134819181322555,8.873440935868265,1541.5358029376175,1219.8909049092856,3.396863999999996,318.2480340283319,0.0,0.2,53.237053464943074,6.602031034884021,0.03616000000000019,46.59886243005905,22,20,2,0,0.9090909090909091,0.3301015517441953,46.04545454545455,44.15,65.0,0,1,1,0.015042326244690511,6659,6659,22,0.4083822985736999,20,15,145,0.8,0.1698432,1640,821,332,0,418,31,0.011795026996656813
97,455.3632441082553,53.87874000307132,8.451631275755476,1586.1552466006844,1227.3589784923852,3.433023999999996,355.3632441082993,0.0,0.2,44.61944366306693,7.468073583099567,0.03616000000000019,37.11521007996736,16,14,2,0,0.875,0.5334338273642569,46.0625,44.357142857142854,58.0,0,1,1,0.013022532816839424,6863,6863,16,0.5070730920394059,20,15,145,1.75,0.17165119999999998,1683,833,339,0,420,28,0.010770497850390663
98,386.4327293920567,511.8790820710464,0.7549297147063759,1589.5939632081538,1299.693729816053,3.467503999999996,286.4327293921007,0.1,0.30000000000000004,3.4387166074693596,72.33475132366789,0.034479999999999844,-68.93051471619853,203,182,21,0,0.896551724137931,0.3974436885915729,43.80295566502463,42.76373626373626,52.80952380952381,2,17,2,0.001,6955,6955,204,0.40490822715419866,20,20,151,18.6,0.17337519999999995,1706,845,348,0,441,34,0.011653690824708149
99,377.81955332731246,245.3197089658642,1.540110881918115,1615.5344424741515,1334.2118011467949,3.503087999999996,277.8195533273567,0.0,0.2,25.940479265997737,34.518071330741805,0.03558400000000006,-8.613176064744067,95,83,12,0,0.8736842105263158,0.4158803774788162,42.54736842105263,41.21686746987952,51.75,1,8,3,0.006832293832753434,7047,7047,95,0.4391874927588492,20,16,153,11.4,0.1751544,1745,849,359,0,453,31,0.011335315304505442
100,349.23899708405594,592.9582659151038,0.5889773651187415,1671.076270677935,1418.2991135938396,3.538159999999996,249.2389970840955,0.1,0.30000000000000004,55.54182820378355,84.08731244704472,0.03507199999999999,-28.58055624326117,214,195,19,0,0.9112149532710281,0.43121698690792437,43.8411214953271,43.46153846153846,47.73684210526316,1,15,3,0.015883824167750825,7110,7110,214,0.43222133674208957,20,18,161,13.2,0.17690799999999998,1776,858,368,0,472,36,0.012983957142140153
101,340.143426797942,92.83575095116139,3.6639271327366454,1674.9798571180845,1431.263438320107,3.572991999999996,240.14342679797744,0.0,0.2,3.903586440149411,12.964324726267478,0.034832000000000196,-9.095570286118067,34,25,9,0,0.7352941176470589,0.518572989050707,50.911764705882355,48.92,56.44444444444444,1,6,2,0.001,7266,7266,34,0.5704619341943848,20,19,161,9.0,0.17864959999999996,1808,879,375,0,481,36,0.011839318390718119
102,325.72720186531944,324.3160789223822,1.0043510730261234,1706.2255831590248,1476.8900372936764,3.608343999999996,225.72720186534843,0.1,0.30000000000000004,31.245726040940326,45.626598973569344,0.03535200000000005,-14.416224932629017,136,120,16,0,0.8823529411764706,0.3802216581130769,45.55882352941177,44.15833333333333,56.0625,2,11,3,0.008536305856405293,7384,7384,136,0.38776985227958755,20,17,164,13.2,0.1804172,1838,894,384,0,497,38,0.01203449203329087
103,382.2897334738167,5.8406235506423005,65.45358216620139,1763.638443831046,1477.7046223572045,3.6440879999999964,282.2897334738416,0.0,0.2,57.412860672021225,0.8145850635280567,0.03574400000000022,56.56253160849317,3,3,0,0,1.0,0.2715283545094075,50.666666666666664,50.666666666666664,0.0,0,0,0,0.014245979559257773,7547,7547,3,0.2715283545094075,20,16,165,6.6,0.1822044,1885,913,390,0,497,31,0.01097802768574032
104,414.1038221111637,11.922566725206634,34.732774548928916,1797.1466391954532,1479.3623770842603,3.6804399999999964,314.1038221111929,0.0,0.2,33.50819536440713,1.657754727055817,0.03635199999999994,31.81408863735131,10,9,1,0,0.9,0.1841949696728662,51.1,51.22222222222222,50.0,0,1,0,0.008819208708434076,7755,7755,10,0.1984856680848125,20,14,165,27.0,0.184022,1928,935,397,0,498,36,0.010291166175817348
105,486.9376388653215,23.29288578830828,20.90499405229286,1873.2731932995061,1482.6189544341555,3.7165999999999966,386.93763886535066,0.0,0.2,76.12655410405296,3.256577349895224,0.03616000000000019,72.83381675415774,7,6,1,0,0.8571428571428571,0.5427628916492141,47.857142857142854,47.5,50.0,0,1,0,0.019514187077786967,7924,7924,7,0.532340075429895,20,15,165,10.8,0.18583,1972,956,406,0,499,39,0.00965206082144257
106,521.6060060439601,37.864515418528626,13.775589104428821,1913.309227081437,1487.9507810374505,3.7524399999999964,421.60600604398655,0.0,0.2,40.03603378193088,5.331826603294985,0.03583999999999987,34.6683671786359,12,12,0,0,1.0,0.44431888360792526,48.75,48.75,0.0,0,0,0,0.010144446344601042,8038,8038,12,0.49532075273330517,20,16,166,21.4,0.187622,2022,974,414,0,499,34,0.009163016729187054
107,528.7890235185611,20.942168170204187,25.24996548690237,1923.4525151210364,1490.875211602453,3.7882799999999963,428.78902351858346,0.0,0.2,10.143288039599383,2.924430565002467,0.03583999999999987,7.183017474596916,11,8,3,0,0.7272727272727273,0.36555382062529596,52.81818181818182,48.875,63.333333333333336,1,1,1,0.002523177223434288,8226,8226,11,0.3583579342233976,20,16,167,8.0,0.18941399999999997,2071,988,426,0,502,40,0.008786901176213686
108,572.2189204133842,136.7751138008463,4.183647920385379,1986.075257074171,1510.0324406607638,3.8238959999999964,472.2189204134073,0.0,0.2,62.622741953134664,19.157229058310804,0.03561600000000009,43.42989689482386,54,48,6,0,0.8888888888888888,0.39910893871480485,43.592592592592595,42.25,54.333333333333336,0,3,3,0.015211292676952834,8395,8395,54,0.38403625756652143,20,16,167,13.4,0.19119479999999997,2115,1009,434,0,508,38,0.008521769483429366
109,626.4332267222923,503.2514287161799,1.2447718793771843,2109.622641781335,1579.3310390590207,3.8583759999999963,526.4332267223143,0.1,0.30000000000000004,123.54738470716393,69.2985983982569,0.034479999999999844,54.21430630890703,198,184,14,0,0.9292929292929293,0.37662281738182796,44.5,43.40217391304348,58.92857142857143,3,9,2,0.028874322826763874,8709,8709,198,0.38022607638175404,20,20,176,2.2,0.1929188,2154,1027,444,0,522,40,0.009861395362961376
110,634.4803694825563,366.1517284173651,1.7328345607570956,2169.4997121827314,1631.1264867001717,3.892855999999996,534.4803694825597,0.0,0.2,59.877070401396395,51.795447641150986,0.034479999999999844,8.047142760245409,149,131,18,0,0.8791946308724832,0.39538509649732817,45.18791946308725,42.80152671755725,62.55555555555556,2,7,9,0.012802474447655756,8808,8808,151,0.441041893282111,20,20,183,23.2,0.1946428,2187,1047,455,0,540,45,0.010589666442457022
111,653.8459668597558,621.2751579258774,1.0524257384483484,2276.3987046710076,1718.6254018112404,3.927335999999996,553.8459668597673,0.1,0.30000000000000004,106.89899248827624,87.49891511106875,0.034479999999999844,19.365597377207482,267,239,28,0,0.8951310861423221,0.3661042473266471,47.059925093632955,45.46443514644351,60.67857142857143,4,13,11,0.0243724830585201,8932,8932,267,0.39683157836284283,20,20,193,4.2,0.19636679999999995,2223,1053,469,0,568,40,0.011774779057407411
112,677.8945145591854,61.53495875041588,11.0164129191783,2309.089904629939,1727.233574070751,3.961815999999996,577.8945145591881,0.0,0.2,32.69119995893152,8.608172259510638,0.034479999999999844,24.048547699420883,28,24,4,0,0.8571428571428571,0.35867384414627385,45.964285714285715,44.333333333333336,55.75,1,2,1,0.0066093912332547185,9104,9104,28,0.4077862713195151,20,20,194,19.4,0.19809079999999996,2269,1077,481,0,572,49,0.010652369409009729
113,752.343242944655,39.9873075600121,18.81455113764672,2389.179639301042,1732.8401003563915,3.9962959999999956,652.3432429446502,0.0,0.2,80.08973467110263,5.606526285640484,0.034479999999999844,74.44872838546215,31,23,8,0,0.7419354838709677,0.24376201241916567,47.16129032258065,42.130434782608695,61.625,2,6,0,0.01741682986498584,9279,9279,31,0.2567729707640932,20,20,195,1.6,0.19981480000000001,2314,1098,494,0,580,47,0.00999003968146539
114,759.7379198642743,590.5234411746379,1.2865499773439035,2479.1361378941556,1815.3674420298933,4.030775999999996,659.7379198642624,0.1,0.30000000000000004,89.95649859311379,82.52734167350172,0.03448000000000029,7.394676919612069,231,207,24,0,0.8961038961038961,0.39868281001691797,44.099567099567096,42.33816425120773,59.291666666666664,3,14,7,0.019206697380035824,9499,9499,231,0.41704062113696594,20,20,201,4.0,0.20153879999999996,2351,1111,509,0,604,55,0.011138355511161243
115,688.1045529380232,654.2491093428536,1.0517470228261754,2500.2095888370754,1908.0397798990678,4.065255999999996,588.1045529380077,0.1,0.30000000000000004,21.073450942919862,92.6723378691745,0.03448000000000029,-71.63336692625464,257,231,26,0,0.8988326848249028,0.40117895181460866,44.78988326848249,42.45454545454545,65.53846153846153,6,9,11,0.00405788760512015,9581,9581,258,0.4215549096819001,20,20,215,10.0,0.20326279999999994,2389,1132,515,0,630,42,0.012031516752988386
116,714.7198632556093,647.1573519852925,1.10439889319507,2617.194023177311,1998.3744239217178,4.0997359999999965,614.7198632555932,0.1,0.30000000000000004,116.98443434023557,90.33464402265008,0.03448000000000029,26.615310317585482,274,244,30,0,0.8905109489051095,0.3702239509124983,45.32116788321168,44.959016393442624,48.266666666666666,2,26,2,0.022380463994052184,9809,9809,274,0.40290870063928874,20,20,225,5.5,0.20498679999999997,2428,1143,528,0,660,49,0.01304547608066335
117,654.8572785939871,464.659006657394,1.409328710326348,2622.5991123942795,2063.6076178002922,4.134215999999997,554.8572785939872,0.05,0.25,5.405089216968463,65.23319387857441,0.03448000000000029,-59.86258466160595,186,170,16,0,0.9139784946236559,0.3837246698739538,43.956989247311824,42.56470588235294,58.75,2,10,4,0.001,9977,9977,186,0.3916702069697995,20,20,232,13.8,0.20671079999999997,2479,1156,543,0,676,48,0.013268674076646595
118,657.3164656683255,19.525985347050938,33.663677094155034,2627.8297049163066,2066.344543247961,4.168695999999997,557.3164656683455,0.0,0.2,5.230592522027109,2.7369254476689093,0.03448000000000029,2.4591870743581996,8,6,2,0,0.75,0.45615424127809884,39.125,35.833333333333336,49.0,0,2,0,0.001,10148,10148,8,0.7015249199458035,20,20,233,15.2,0.20843479999999998,2540,1179,554,0,678,45,0.011892818865062221
119,633.9071168807328,705.0598374326722,0.8990827206793864,2703.4030760715664,2165.2927831908014,4.203175999999997,533.907116880765,0.1,0.30000000000000004,75.57337115525979,98.94823994284025,0.03448000000000029,-23.409348787580456,276,239,37,0,0.8659420289855072,0.4140093721457738,45.594202898550726,44.00836820083682,55.83783783783784,7,24,6,0.015011749907170501,10360,10360,276,0.42624926570542315,20,20,241,4.8,0.21015879999999995,2576,1193,566,0,715,51,0.012781405969085781
120,692.0731769223768,9.33856810131444,74.10913208685224,2762.9116132995437,2166.6007803771367,4.237655999999998,592.0731769224069,0.0,0.2,59.508537227977286,1.3079971863353421,0.03448000000000029,58.16606004164194,4,3,1,0,0.75,0.4359990621116632,47.5,53.0,31.0,0,1,0,0.01059328280268044,10538,10538,4,0.6302369002190321,20,20,241,4.8,0.21188279999999993,2634,1226,575,0,716,52,0.011653472745962175
121,784.5645470288231,211.08853878276065,3.7167557819718895,2885.1252232988595,2196.2885402700163,4.272135999999998,684.5645470288432,0.0,0.2,122.21360999931585,29.687759892879512,0.03448000000000029,92.49137010643634,88,74,14,0,0.8409090909090909,0.4011859444983701,47.30681818181818,45.25675675675676,58.142857142857146,1,8,5,0.023180226667663693,10709,10709,88,0.4083016037464206,20,20,246,4.0,0.21360679999999999,2681,1260,583,0,730,53,0.0112074560851072
122,813.8953954797605,396.2842884309438,2.0538169673653095,2969.5839467638434,2251.3819352840837,4.306615999999998,713.8953954797597,0.0,0.2,84.4587234649839,55.09339501406748,0.03448000000000029,29.33084845091642,145,128,17,0,0.8827586206896552,0.43041714854740826,43.66206896551724,41.546875,59.588235294117645,2,9,6,0.015591829269537545,11015,11015,146,0.43082679077373326,20,20,251,2.0,0.2153308,2731,1288,593,0,747,51,0.011091500515534643
123,919.0194749263914,45.40919386578828,20.23862122817356,3081.077453689643,2257.7168827632736,4.3410959999999985,819.0194749263693,0.0,0.2,111.49350692579947,6.33494747918985,0.03448000000000029,105.12407944660961,15,13,2,0,0.8666666666666667,0.48730365224534916,44.46666666666667,38.46153846153846,83.5,1,0,1,0.020231431687659687,11265,11265,15,0.5229334345943424,20,20,251,3.5,0.21705479999999994,2791,1322,604,0,749,56,0.010343719199170575
124,1021.9042467739375,22.94620963372634,44.53477341512398,3187.210801770595,2260.9309789966896,4.375575999999999,921.9042467739054,0.0,0.2,106.13334808095215,3.2140962334160577,0.03448000000000029,102.88477184753609,10,10,0,0,1.0,0.32140962334149176,34.5,34.5,0.0,0,0,0,0.01854278055313572,11485,11485,10,0.32140962334149176,20,20,251,6.25,0.2187788,2864,1346,616,0,749,48,0.009660194652450773
125,998.941960659994,205.7462578255866,4.855213267143883,3192.9904388445725,2289.638422184604,4.410055999999999,898.9419606599682,0.0,0.2,5.779637073977483,28.707443187914578,0.03448000000000029,-22.962286113937097,90,77,13,0,0.8555555555555555,0.3728239375053919,46.955555555555556,44.8051948051948,59.69230769230769,2,7,4,0.001,11772,11772,91,0.38694066353092915,20,20,256,2.0,0.2205028,2920,1373,631,0,762,60,0.009651757303794199
126,1022.9662911292096,259.51792081437213,3.941794416043108,3253.436281529782,2326.025454400567,4.444535999999999,922.9662911292148,0.0,0.2,60.4458426852093,36.38703221596279,0.03448000000000029,24.024330469246507,120,101,19,0,0.8416666666666667,0.3602676457026079,44.525,42.663366336633665,54.421052631578945,1,12,6,0.010193574278420553,11995,11995,120,0.3936326705905107,20,20,260,4.4,0.22222679999999992,2972,1403,643,0,781,57,0.009656569518678123
127,1026.030631849413,21.16903186382829,48.468472174327474,3259.503503864623,2328.9938560152355,4.479016,926.0306318493874,0.0,0.2,6.0672223348410625,2.968401614668437,0.03448000000000029,3.064340720172625,11,9,2,0,0.8181818181818182,0.3298224016298603,46.0,41.44444444444444,66.5,1,1,0,0.001,12207,12207,11,0.3499009259286496,20,20,260,16.0,0.22395079999999998,3045,1432,654,0,783,51,0.009047640169233128
128,1194.846141421817,32.51731401080054,36.74492121412464,3432.9158449797933,2333.556207558017,4.513496,1094.8461414217763,0.0,0.2,173.41234111517042,4.562351542781471,0.03448000000000029,168.81550957238895,12,11,1,0,0.9166666666666666,0.41475923116196706,42.75,42.0,51.0,0,1,0,0.0283611827804262,12428,12428,12,0.4378954884624023,20,20,261,12.8,0.22567479999999995,3114,1470,664,0,784,58,0.008586593333766077
129,1322.27502703311,42.74812025043838,30.9317700822073,3566.286451723386,2339.4634486902937,4.547976,1222.2750270330923,0.0,0.2,133.37060674359282,5.907241132276795,0.03448000000000029,127.42888561131602,14,12,2,0,0.8571428571428571,0.4922700943564018,44.214285714285715,43.75,47.0,0,1,1,0.02083007766305857,12851,12851,14,0.4912054384210448,20,20,262,8.4,0.22739879999999993,3184,1505,677,0,786,62,0.008234386958783734
130,1337.1727760134431,124.15701086729405,10.770014247867872,3598.596956086081,2356.8417240726626,4.5824560000000005,1237.1727760134181,0.0,0.2,32.3105043626947,17.378275382368884,0.03448000000000029,14.897748980325817,49,45,4,0,0.9183673469387755,0.3861838973859684,45.42857142857143,45.13333333333333,48.75,0,3,1,0.005040612970626116,13116,13116,50,0.377601551882371,20,20,267,2.0,0.22912279999999993,3249,1544,692,0,790,70,0.00790588275342722
131,1460.3379460973538,315.4632332335922,4.629185883655773,3766.1924267844884,2401.2375446871056,4.616936000000001,1360.3379460973829,0.0,0.2,167.59547069840755,44.39582061444298,0.03448000000000029,123.16517008396457,121,102,19,0,0.8429752066115702,0.4352531432788676,45.87603305785124,44.28431372549019,54.421052631578945,2,11,6,0.02547158072084478,13321,13321,121,0.45222825115325305,20,20,271,3.8,0.23084679999999996,3311,1572,708,0,809,67,0.008088163772751272
132,1395.5419893084913,667.9866176337221,2.0891765680157843,3795.8503558352304,2495.656950526721,4.651416000000001,1295.5419893085093,0.0,0.2,29.65792905074204,94.41940583961559,0.03448000000000029,-64.79595678887355,273,241,32,0,0.8827838827838828,0.3917817669693611,44.89010989010989,43.67219917012448,54.0625,7,20,5,0.0044730279448238625,13480,13480,273,0.41563694576844146,20,20,285,12.0,0.23257079999999997,3368,1601,718,0,841,66,0.008840215028015281
133,1404.6518022129092,29.01763692221403,48.40682947334,3809.067666033525,2499.7299678206,4.685896000000001,1304.6518022129248,0.0,0.2,13.217310198294399,4.07301729387882,0.03448000000000029,9.109812904415579,11,11,0,0,1.0,0.3702742994435517,40.27272727272727,40.27272727272727,0.0,0,0,0,0.00195452602863707,13692,13692,11,0.3702742994435517,20,20,286,2.2,0.23429479999999994,3444,1647,726,0,841,62,0.008238605673931558
134,1421.486305378573,183.58564781413293,7.742905408475744,3851.469465405423,2525.262784026833,4.720376000000002,1321.48630537859,0.0,0.2,42.40179937189805,25.532816206232837,0.03448000000000029,16.83450316566521,83,68,15,0,0.8192771084337349,0.3754825912681145,41.975903614457835,38.955882352941174,55.666666666666664,2,12,1,0.006144061201659596,14069,14069,83,0.3553798686320252,20,20,292,2.4,0.23601879999999995,3511,1683,741,0,856,71,0.008099928804150313
135,1447.4867104054888,647.9975862066943,2.233784108485519,3968.937718068618,2616.6961516631136,4.754856000000002,1347.4867104055043,0.0,0.2,117.46825266319502,91.43336763628076,0.03448000000000029,26.00040502691425,279,249,30,0,0.8924731182795699,0.36720227966377533,44.01075268817204,42.70682730923695,54.833333333333336,5,24,1,0.01657323937914605,14265,14265,279,0.38123393791617244,20,20,300,16.6,0.23774279999999998,3572,1707,761,0,886,76,0.00885789682567975
136,1402.1077553662362,379.3761450116804,3.6958247739142043,3976.219080150644,2669.3219887843566,4.789336000000002,1302.1077553662874,0.0,0.2,7.281362082026135,52.62583712124297,0.03448000000000029,-45.378955039216834,159,132,27,0,0.8301886792452831,0.39868058425183844,45.56603773584906,43.90909090909091,53.666666666666664,1,20,6,0.001,14688,14688,159,0.4763457862032735,20,20,307,14.75,0.23946679999999992,3644,1731,776,0,913,60,0.008772919842151027
137,1508.7028670485226,355.7534546282124,4.240866384910371,4133.57028522189,2720.043602173318,4.8238160000000025,1408.702867048572,0.0,0.2,157.3512050712461,50.72161338896149,0.03448000000000029,106.59511168228462,139,121,18,0,0.8705035971223022,0.4191868875120809,46.05035971223022,43.578512396694215,62.666666666666664,5,9,4,0.02154100352892236,14712,14712,139,0.44019738302647066,20,20,315,2.2,0.24119079999999996,3717,1764,793,0,931,72,0.008823331424286766
138,1547.6118333689367,748.0896167797957,2.0687519231061384,4275.778239343238,2823.308109974236,4.858296000000003,1447.6118333690022,0.0,0.2,142.20795412134794,103.26450780091773,0.03448000000000029,38.90896632043021,309,279,30,0,0.9029126213592233,0.37012368387426586,44.09385113268608,42.53763440860215,58.56666666666667,5,20,5,0.01895079574567042,15233,15233,309,0.38679055022349035,20,20,332,4.25,0.24291479999999993,3782,1798,808,0,961,72,0.009571365715923933
139,1574.9527783664255,243.09962285545674,6.47863110549895,4337.393555274844,2857.548000908369,4.892776000000003,1474.9527783664755,0.0,0.2,61.61531593160635,34.2398909341332,0.03448000000000029,27.340944997473144,95,86,9,0,0.9052631578947369,0.3981382666759805,46.10526315789474,45.47674418604651,52.111111111111114,0,5,4,0.008071159891006858,15427,15427,95,0.4301910936504965,20,20,333,3.75,0.2446388,3861,1840,824,0,970,77,0.009097691594689277
140,1603.1167757818164,840.3433126658163,1.9076926675316286,4482.348018053662,2974.303986271727,4.927256000000003,1503.1167757819348,0.0,0.2,144.9544627788173,116.75598536335792,0.03448000000000029,28.163997415459363,331,298,33,0,0.9003021148036254,0.3917986086018717,44.5558912386707,43.486577181208055,54.21212121212121,5,20,8,0.01848029502753005,15884,15884,332,0.4239253884648164,20,20,345,2.6,0.2463628,3923,1880,838,0,1003,82,0.009772112202697272
141,1623.234823934496,44.31817291764181,36.6268444087489,4508.750913831382,2980.554353896775,4.961736000000004,1523.2348239346068,0.0,0.2,26.402895777720005,6.250367625048057,0.03448000000000029,20.118048152671946,19,17,2,0,0.8947368421052632,0.3676686838263224,38.68421052631579,38.588235294117645,39.5,0,2,0,0.0033649275689031644,16063,16063,19,0.4093123437931648,20,20,345,19.2,0.2480867999999999,4011,1925,855,0,1005,80,0.008989703377950421
142,1671.0871931618503,1240.1581295241283,1.3474791265554802,4728.37203234637,3152.2886231843104,4.996216000000004,1571.08719316206,0.05,0.25,219.62111851498867,171.73426928753543,0.03448000000000029,47.85236922745324,515,454,61,0,0.8815533980582524,0.37826931561130817,45.29902912621359,43.62555066079295,57.75409836065574,13,39,9,0.026956798321351005,16620,16620,516,0.40937245450478205,20,20,363,4.75,0.24981079999999994,4061,1949,875,0,1066,82,0.010539640747661451
143,1642.174777427457,457.3760313098265,3.590425962472546,4764.511795823932,3217.3063223962513,5.030696000000004,1542.1747774276803,0.0,0.2,36.139763477561246,65.01769921194091,0.03448000000000029,-28.912415734379664,180,159,21,0,0.8833333333333333,0.40891634724490994,43.95,42.20754716981132,57.142857142857146,2,12,7,0.004156337936120406,16671,16671,180,0.43247811482661785,20,20,368,11.6,0.2515348,4142,1992,889,0,1087,79,0.010285871631568667
144,1626.9393302548228,167.08527799440154,9.737179419896803,4772.860557684365,3240.85605142929,5.065176000000005,1526.9393302550748,0.0,0.2,8.348761860433115,23.549729033038602,0.03448000000000029,-15.235447172605488,77,66,11,0,0.8571428571428571,0.35681407625818107,43.23376623376623,40.833333333333336,57.63636363636363,2,8,1,0.001,16886,16886,77,0.380801945478521,20,20,370,9.8,0.2532587999999999,4233,2037,904,0,1098,79,0.009605005697782837
145,1520.3811392418816,831.3821190381556,1.8287392817647368,4781.536239083207,3356.0554438410395,5.099656000000005,1420.3811392421674,0.0,0.2,8.675681398842244,115.19939241174961,0.03448000000000029,-106.55819101290737,348,297,51,0,0.853448275862069,0.3878767421271074,45.11494252873563,42.89225589225589,58.05882352941177,8,31,12,0.001,17443,17443,349,0.42788957880969847,20,20,388,0.8,0.25498279999999995,4288,2083,917,0,1149,88,0.010045848390545953
146,1720.9982421775564,65.05475144378121,26.454612522265997,4991.326439416735,3365.19406123886,5.134136000000005,1620.9982421778757,0.0,0.2,209.79020033352845,9.138617397820326,0.03448000000000029,200.61710293570812,27,25,2,0,0.9259259259259259,0.3655446959128441,41.666666666666664,41.44,44.5,0,2,0,0.023558874367506456,17698,17698,27,0.35481951514596627,20,20,388,5.2,0.2567068,4387,2135,932,0,1151,82,0.009226743968135656
147,1808.0432283668451,913.937827925195,1.9783000255842695,5205.78698458182,3492.5751402146416,5.168616000000005,1708.043228367179,0.0,0.2,214.46054516508502,127.38107897578175,0.03448000000000029,87.04498618930327,346,310,36,0,0.8959537572254336,0.41090670637349536,44.42485549132948,43.10322580645161,55.80555555555556,5,22,9,0.02399560504455349,18168,18168,347,0.41863923382115625,20,20,398,8.0,0.25843079999999996,4460,2182,948,0,1187,88,0.009916398264407189
148,1833.1700292503244,290.6008260708717,6.308206532087597,5272.178541919377,3533.8054166687084,5.203096000000006,1733.1700292506682,0.0,0.2,66.39155733755615,41.230276454066825,0.03448000000000029,25.126800883489324,110,99,11,0,0.9,0.4164674389299683,44.39090909090909,42.61616161616162,60.36363636363637,1,6,4,0.007399925854717092,18270,18270,110,0.45216178271282403,20,20,404,11.4,0.2601548,4550,2240,964,0,1198,93,0.009593357073316962
149,1805.3943187287728,717.0202493515956,2.5179125978121237,5344.411033517373,3633.7791387882276,5.237576000000006,1705.3943187291452,0.0,0.2,72.23249159799616,99.97372211951915,0.03448000000000029,-27.775710521522996,288,261,27,0,0.90625,0.38304108091768646,43.96875,42.94252873563219,53.888888888888886,3,17,7,0.00786236911830874,18740,18740,290,0.4119680330809298,20,20,417,11.8,0.2618787999999999,4631,2295,980,0,1225,97,0.010009996265466009
150,1707.2687227079407,770.438150121992,2.2159711619130102,5353.85966793839,3741.31888923005,5.272056000000006,1607.26872270834,0.0,0.2,9.448634421017232,107.53975044182243,0.03448000000000029,-98.1255960208052,329,291,38,0,0.8844984802431611,0.3695524070165808,44.29483282674772,42.628865979381445,57.05263157894737,5,22,11,0.001,19186,19186,331,0.41125948886896924,20,20,427,1.2,0.26360279999999997,4700,2349,1001,0,1263,107,0.010276572855761343
151,1876.0077372457756,295.3446738901028,6.351926759118855,5564.298782140209,3782.984508894035,5.306536000000007,1776.0077372461742,0.0,0.2,210.4391142018194,41.665619663985126,0.03448000000000029,168.73901453783427,129,114,15,0,0.8837209302325582,0.36548789178934027,47.58139534883721,45.57017543859649,62.86666666666667,6,7,2,0.021909805801755992,19409,19409,130,0.39717660468367305,20,20,433,4.4,0.2653268,4804,2393,1024,0,1278,94,0.010036113182470918
152,1981.9939879927608,208.7384952777286,9.495105276847466,5699.414693802797,3812.0796898096405,5.341016000000007,1881.9939879931565,0.0,0.2,135.11591166258768,29.095180915605397,0.03448000000000029,105.98625074698228,88,74,14,0,0.8409090909090909,0.3931781204811394,42.72727272727273,40.87837837837838,52.5,0,11,3,0.013726266421102614,19886,19886,88,0.4252928832040108,20,20,433,3.2,0.2670507999999999,4910,2443,1043,0,1292,91,0.009454299717218912
153,2009.5864517514433,64.56205326073656,31.126433411831623,5736.012500832623,3821.050553080785,5.375496000000007,1909.586451751838,0.0,0.2,36.59780702982607,8.97086327114448,0.03448000000000029,27.59246375868159,22,21,1,0,0.9545454545454546,0.42718396529256125,41.68181818181818,41.333333333333336,49.0,0,1,0,0.003650063708459994,20437,20437,22,0.4651616051396964,20,20,434,4.8,0.2687748,5019,2503,1066,0,1293,107,0.008867186628038995
154,1925.1809353295523,1120.917620542441,1.7175043910879977,5807.382894433068,3976.791983103117,5.4099760000000074,1825.180935329951,0.0,0.2,71.37039360044491,155.74143002233222,0.03448000000000029,-84.40551642188731,430,384,46,0,0.8930232558139535,0.4055766406831676,46.05813953488372,44.395833333333336,59.93478260869565,9,24,13,0.006907701162281054,21048,21048,430,0.4194427899334129,20,20,448,2.8,0.2704988,5096,2560,1083,0,1339,104,0.009956206078951878
155,1914.4072664478024,1166.1507823797197,1.6416464280383571,5962.04020256345,4142.188480115315,5.444456000000008,1814.4072664481357,0.0,0.2,154.65730813038226,165.39649701219741,0.03448000000000029,-10.773668881815153,451,401,50,0,0.8891352549889135,0.4124600922997383,45.52549889135255,44.36907730673317,54.8,8,32,10,0.014785658264799063,21202,21202,452,0.44059864683445443,20,20,467,12.0,0.2722228,5170,2610,1110,0,1389,123,0.01056011892076969
156,2021.242751798249,303.01620887076797,6.670411326610847,6111.334241241363,4184.6125534427465,5.478936000000008,1921.2427517986166,0.0,0.2,149.2940386779128,42.42407332743187,0.03448000000000029,106.83548535048092,107,103,4,0,0.9626168224299065,0.41188420706242584,45.1588785046729,45.20388349514563,44.0,0,4,0,0.013916961596207708,21597,21597,107,0.4323180931821249,20,20,470,25.666666666666668,0.2739468,5290,2670,1131,0,1393,103,0.009983298845162617
157,2198.2947329963777,580.0586240770956,3.789780276940081,6369.942312173839,4266.134163177055,5.513416000000008,2098.294732996784,0.0,0.2,258.60807093247604,81.52160973430819,0.03448000000000029,177.05198119816785,255,231,24,0,0.9058823529411765,0.3529074014472297,43.36470588235294,42.523809523809526,51.458333333333336,3,16,5,0.024021504212628164,21973,21973,255,0.3595665323489452,20,20,482,2.6,0.2756708,5399,2719,1158,0,1417,114,0.01000979809054564
158,2478.5858364432706,80.05437886083696,30.96127746805626,6661.373854555789,4277.240122112099,5.547896000000009,2378.58583644369,0.0,0.2,291.43154238194984,11.105958935044328,0.03448000000000029,280.29110344690554,27,24,3,0,0.8888888888888888,0.46274828896019043,44.25925925925926,41.416666666666664,67.0,1,1,1,0.02616191672186203,22606,22606,27,0.48262654528721716,20,20,483,13.8,0.27739479999999994,5534,2771,1181,0,1420,99,0.009219695266740453
159,2479.3656740508777,75.63009027535279,32.78279405755096,6672.778821157201,4287.83077110593,5.582376000000009,2379.365674051271,0.0,0.2,11.404966601411616,10.590648993830655,0.03448000000000029,0.7798376075809603,27,24,3,0,0.8888888888888888,0.4412770414095925,47.0,44.416666666666664,67.66666666666667,1,1,1,0.001,23063,23063,27,0.4201532279202154,20,20,486,19.6,0.2791188,5654,2837,1210,0,1423,124,0.008636811930494101
160,2463.8224627629297,191.7183608675121,12.851259793867975,6684.2282193456485,4314.788900582285,5.616856000000009,2363.822462763363,0.0,0.2,11.449398188447958,26.95812947635568,0.03448000000000029,-15.543211287907722,83,74,9,0,0.891566265060241,0.3642990469778129,43.68674698795181,42.37837837837838,54.44444444444444,1,7,1,0.001,23436,23436,83,0.37893064811563937,20,20,489,14.75,0.28084279999999995,5778,2897,1239,0,1432,122,0.008279482853993313
161,2673.1918047182558,67.63403859464117,39.52435578688125,6903.082670274418,4324.239529555681,5.6513360000000095,2573.1918047187373,0.0,0.2,218.85445092876944,9.450628973395396,0.03448000000000029,209.36934195537404,26,23,3,0,0.8846153846153846,0.4108969118867271,44.26923076923077,43.391304347826086,51.0,1,2,0,0.01843733934400832,23956,23956,26,0.4860595263924631,20,20,491,21.0,0.2825667999999999,5907,2967,1263,0,1435,120,0.007823332978161592
162,2632.845937093471,376.99442854431896,6.983779434777396,6915.208974592071,4376.677221498149,5.68581600000001,2532.8459370939217,0.0,0.2,12.126304317653194,52.43769194246852,0.03448000000000029,-40.34586762481533,161,149,12,0,0.9254658385093167,0.35193081840584656,43.78260869565217,42.74496644295302,56.666666666666664,0,8,4,0.001,24611,24611,162,0.37524953893238217,20,20,497,2.4,0.2842908,6034,3024,1298,0,1447,128,0.0077835780495532445
163,2499.509359735226,1040.674878213717,2.401815794790347,6927.642237174949,4522.412581439271,5.72029600000001,2399.5093597356777,0.0,0.2,12.433262582877433,145.73535994112171,0.03448000000000029,-133.33657735824428,427,388,39,0,0.9086651053864169,0.3756065977864003,43.777517564402814,42.11340206185567,60.333333333333336,8,20,11,0.001,25124,25124,427,0.3839858062084288,20,20,511,5.0,0.28601479999999996,6149,3080,1324,0,1486,121,0.008464505207011629
164,2499.8645477538125,420.78259108466017,5.940988531179151,6986.900415985289,4581.281092231019,5.75477600000001,2399.86454775427,0.0,0.2,59.25817881034072,58.86851079174812,0.03448000000000029,0.3551880185926013,167,149,18,0,0.8922155688622755,0.39509067645467505,44.64071856287425,42.899328859060404,59.05555555555556,2,11,5,0.004697607575069785,25638,25638,168,0.4234163910363013,20,20,517,9.8,0.2877388,6284,3142,1349,0,1504,120,0.008300591864076461
165,2458.0700053572264,826.7738200474295,2.9730864061663373,7061.292740053096,4697.433478695397,5.789256000000011,2358.0700053576993,0.0,0.2,74.39232406780684,116.15238646437774,0.03448000000000029,-41.794542396570904,322,277,45,0,0.860248447204969,0.4193226948172353,46.27950310559006,44.6173285198556,56.51111111111111,8,26,11,0.005808730722313823,26091,26091,322,0.45217468205663264,20,20,530,3.75,0.2894628,6403,3198,1374,0,1549,121,0.008481046780823242
166,2417.4665168046954,733.5417114482108,3.295608796440436,7123.492140421523,4800.201887616341,5.823736000000011,2317.466516805182,0.0,0.2,62.19940036842672,102.76840892094424,0.03448000000000029,-40.60348855251752,303,269,34,0,0.8877887788778878,0.38203869487339076,45.48184818481848,44.204460966542754,55.588235294117645,5,21,8,0.004689350611047529,26592,26592,303,0.39479821723210573,20,20,541,8.4,0.29118679999999997,6529,3268,1394,0,1583,119,0.008547699759980407
167,2609.13706001716,1478.510736162742,1.764706198068465,7522.46575289514,5007.470476877489,5.858216000000011,2509.137060017651,0.0,0.2,398.9736124736173,207.268589261148,0.03448000000000029,191.6705432124693,583,499,84,0,0.855917667238422,0.41536791435099946,44.680960548885075,43.12625250501002,53.916666666666664,11,53,20,0.029903364106963815,27152,27152,584,0.4327671565496141,20,20,567,3.0,0.29291079999999997,6631,3306,1425,0,1667,133,0.009180061522525927
168,2766.8353718594585,1125.8610602624985,2.457528259494436,7838.245673324752,5165.517605464819,5.8926960000000115,2666.835371859933,0.0,0.2,315.7799204296116,158.04712858733,0.03448000000000029,157.69831184228158,437,382,55,0,0.8741418764302059,0.41373593871029346,44.09610983981693,42.29319371727749,56.61818181818182,6,35,14,0.023275721698798137,27604,27604,437,0.4322827761014565,20,20,587,31.5,0.2946348,6750,3357,1460,0,1722,139,0.009461787457019671
169,2727.9113717438136,375.0735148530887,7.2730045276918585,7852.139268518644,5218.300720774353,5.927176000000012,2627.9113717442906,0.0,0.2,13.893595193891997,52.78311530953397,0.03448000000000029,-38.924000115641974,165,143,22,0,0.8666666666666667,0.3691126944723078,44.81818181818182,42.49650349650349,59.90909090909091,4,12,6,0.001,27991,27991,165,0.38485932023744707,20,20,596,4.8,0.2963587999999999,6898,3417,1495,0,1744,135,0.009106501783606728
170,2980.3731429809854,74.01922345514434,40.264852883617344,8114.95764730345,5228.622848322059,5.961656000000012,2880.373142981391,0.0,0.2,262.81837878480655,10.322127547706259,0.03448000000000029,252.4617712371003,27,23,4,0,0.8518518518518519,0.44878815424810165,46.18518518518518,45.08695652173913,52.5,0,3,1,0.018576522786780812,28657,28657,27,0.45646359145754756,20,20,599,4.8,0.29808280000000004,7054,3501,1522,0,1748,138,0.008445155766727528
171,3283.2179806574395,73.97180020783708,44.384724603600944,8428.152365962866,5238.938249304917,5.996136000000012,3183.2179806579484,0.0,0.2,313.19471865941523,10.315400982857682,0.03448000000000029,302.8448376765576,30,25,5,0,0.8333333333333334,0.4126160393142553,44.46666666666667,41.8,57.8,1,4,0,0.021538188494417687,29360,29360,30,0.41575404763204893,20,20,601,14.4,0.2998068,7212,3583,1553,0,1753,146,0.007914838965421568
172,3481.476430719435,738.196664977278,4.716190950045265,8730.017799579817,5342.510752859823,6.030616000000013,3381.476430719994,0.0,0.2,301.8654336169511,103.57250355490578,0.03448000000000029,198.25845006204534,277,245,32,0,0.8844765342960289,0.4227449124690003,45.44404332129964,44.04489795918367,56.15625,5,20,7,0.02042645536119738,29910,29910,277,0.45697787841561643,20,20,608,12.0,0.3015308,7354,3662,1582,0,1785,151,0.008041930601301622
173,3611.882831286539,736.0268037990651,4.90727078503595,8963.539473890007,5445.591546603036,6.065096000000013,3511.8828312869714,0.0,0.2,233.52167431019006,103.08079374321278,0.03448000000000029,130.40640056697728,312,264,48,0,0.8461538461538461,0.390457552057645,45.493589743589745,44.041666666666664,53.479166666666664,5,33,10,0.015671043988986944,30532,30532,312,0.41013389463488614,20,20,625,2.75,0.30325480000000005,7489,3734,1614,0,1833,156,0.008276088141278065
174,3822.322274503475,1285.1455246777741,2.974233035174635,9353.433064513147,5625.011214009346,6.099576000000013,3722.3222745038006,0.0,0.2,389.89359062313997,179.4196674063105,0.03448000000000029,210.43944321682946,486,442,44,0,0.9094650205761317,0.40592684933554884,44.465020576131685,43.28733031674208,56.29545454545455,7,27,10,0.025227775770072756,31231,31231,488,0.4248831310027207,20,20,645,15.2,0.30497879999999994,7617,3817,1652,0,1877,172,0.008768561802137741
175,3722.594029316481,2250.975020241985,1.6537695868860833,9572.133020138503,5943.40493482182,6.1340560000000135,3622.594029316683,0.0,0.2,218.69995562535587,318.3937208124735,0.03448000000000029,-99.72824518711761,867,760,107,0,0.8765859284890427,0.4189391063321946,44.35294117647059,42.54868421052632,57.16822429906542,16,70,21,0.014070722738981805,31610,31610,870,0.42916469762157916,20,20,686,5.4,0.30670279999999994,7712,3873,1693,0,1984,171,0.010079276191343205
176,3996.1002400998336,777.2783720474511,5.141144259004136,9953.390387931351,6051.121611831136,6.168536000000014,3896.100240100215,0.0,0.2,381.2573677928485,107.7166770093163,0.03448000000000029,273.50621078353225,297,275,22,0,0.9259259259259259,0.391697007306604,46.34680134680135,44.78545454545455,65.86363636363636,7,8,7,0.023700691708073082,32491,32491,297,0.4348961960676304,20,20,694,10.6,0.30842679999999995,7884,3948,1729,0,2006,153,0.009715404690200963
177,3992.2188463255043,143.47212607400002,27.825745359529968,9969.72446515218,6071.302602826266,6.203016000000014,3892.218846325914,0.0,0.2,16.334077220828476,20.180990995129832,0.03448000000000029,-3.8813937743013565,38,37,1,0,0.9736842105263158,0.5454321890575604,45.31578947368421,45.648648648648646,33.0,0,1,0,0.001,32986,32986,38,0.7212261759586653,20,20,696,14.6,0.31015079999999995,8068,4034,1769,0,2007,167,0.008856318433393802
178,3986.361057695528,2239.491559250529,1.7800295076930803,10277.935499087786,6385.336945391965,6.237496000000014,3886.3610576958204,0.0,0.2,308.2110339356059,314.03434256569926,0.03448000000000029,-5.8577886300933795,875,776,99,0,0.8868571428571429,0.40468343114134153,44.68571428571428,43.08247422680412,57.25252525252525,22,56,21,0.018621923444298735,33702,33702,876,0.42113103640551813,20,20,727,15.0,0.3118748,8189,4094,1806,0,2106,172,0.010069424734245764
179,4276.8866450473,1273.5095817699325,3.358346655785073,10748.608565561351,6565.449944513956,6.271976000000015,4176.886645047395,0.0,0.2,470.673066473566,180.11299912199138,0.03448000000000029,290.52558735157464,525,472,53,0,0.8990476190476191,0.3815953371228672,44.51047619047619,43.20974576271186,56.094339622641506,11,36,6,0.028273373268090048,33980,33980,526,0.41535107284695777,20,20,745,5.8,0.31359879999999996,8350,4157,1852,0,2159,172,0.010292093148844649
